구,주소,상호,휘발유,경유
강서구,부산 강서구 낙동남로 432,해안주유소,1549.0,1399.0
강서구,부산 강서구 낙동남로 127 (송정동),신창에너지㈜직영 송정셀프주유소,1549.0,1409.0
강서구,부산 강서구 낙동북로 364,은마석유 경기장주유소,1557.0,1417.0
강서구,부산 강서구 낙동북로 209 (대저1동),동방석유㈜직영 대저주유소,1557.0,1417.0
강서구,부산 강서구 낙동북로 142,우리2주유소,1557.0,1417.0
강서구,부산 강서구 낙동북로 42 (강동동),서강주유소,1557.0,1417.0
강서구,부산 강서구 공항로 469 (대저2동),세기상사(주) 공항주유소,1569.0,1449.0
강서구,부산 강서구 공항로 483,은마석유(주)직영 강서주유소,1569.0,1429.0
강서구,부산 강서구 가락대로 706,부산신항주유소,1569.0,1429.0
강서구,부산 강서구 가락대로 834,㈜BSJ신항만물류주유소,1569.0,1429.0
강서구,부산 강서구 낙동북로 65 (강동동),(주)천일에너지 천일주유소,1569.0,1417.0
강서구,부산 강서구 생곡로 40 (녹산동),(주)경인에너지,1569.0,1429.0
강서구,부산 강서구 가락대로 845,OS신항주유소,1569.0,1429.0
강서구,부산 강서구 봉림길94번길 89(봉림동),CJ 성민제2주유소,1569.0,1429.0
강서구,부산 강서구 르노삼성대로 572 (명지동),명지농협주유소,1569.0,1389.0
강서구,부산 강서구 생곡로 272,(주)시큐 국제산단주유소,1569.0,1429.0
강서구,부산 강서구 명지국제8로 272,지에스칼텍스㈜ 동성셀프주유소,1569.0,1489.0
강서구,부산 강서구 가락대로 1027,CJ대한통운㈜ 신항 P-OIL,1569.0,1429.0
강서구,부산 강서구  낙동남로 514,은마석유(주)신호주유소,1569.0,1429.0
강서구,부산 강서구 공항로 1217 (대저1동),공항대로주유소,1569.0,1429.0
강서구,부산 강서구 가락대로 389 (송정동),CJ대한통운㈜ 성민주유소,1569.0,1429.0
강서구,부산 강서구 가락대로 546 (구랑동),구랑주유소,1569.0,1429.0
강서구,부산 강서구 호계로 200 (죽동동),(주)우양네트웍스 송산주유소,1575.0,1448.0
강서구,부산 강서구 가락대로 963,(주)범방주유소,1579.0,1439.0
강서구,부산 강서구 르노삼성대로 604 (명지동),대양석유(주)한마음주유소,1579.0,1439.0
강서구,부산 강서구 공항로 381 (대저2동),맥도주유소,1579.0,1439.0
강서구,부산 강서구 호계로 1 (죽림동),오봉주유소,1588.0,1449.0
강서구,부산 강서구 가락대로 1417,제일주유소,1588.0,1458.0
강서구,부산 강서구 신항남로 507,내트럭(주) 부산신항남컨사업소,1589.0,1499.0
강서구,부산광역시 강서구  낙동남로 448 (녹산동),부산축산업협동조합 농협주유소,1589.0,1446.0
강서구,부산 강서구 낙동남로 501 (녹산동),㈜도감에너지,1589.0,1439.0
강서구,부산 강서구 평강로 309 (대저1동),평강주유소,1596.0,1446.0
강서구,부산 강서구 공항로 1423 (대저1동),이왕주유소,1598.0,1468.0
강서구,부산 강서구 가락대로 1361 (봉림동),금룡주유소,1598.0,1468.0
강서구,부산 강서구 낙동남로 700,녹산주유소,1599.0,1429.0
강서구,부산 강서구 공항로 799 (대저2동),(주)우양네트웍스 구도일주유소 삼광,1599.0,1459.0
강서구,부산 강서구 공항진입로 25 (대저2동),김해공항주유소,1599.0,1459.0
강서구,부산 강서구 가락대로1243번길 68,신항만주유소,1599.0,1435.0
강서구,부산 강서구 녹산산업북로 119 (송정동),녹산화물터미널주유소,1628.0,1498.0
강서구,부산 강서구 생곡로 337 (생곡동),유성주유소,1628.0,1468.0
강서구,부산 강서구 낙동남로 667 (녹산동),우리들주유소,1628.0,1465.0
강서구,부산 강서구 대저로 283 (대저1동),명품주유소,1658.0,1508.0
강서구,부산 강서구 체육공원로 66 (대저1동),(주)시큐 대저고속주유소,1658.0,1429.0
강서구,부산 강서구 과학산단로 297 (지사동),(주)소모 과학셀프주유소,1659.0,1499.0
강서구,부산광역시 강서구 남해2지선고속도로 19,서부산주유소(순천방향),1668.0,1528.0
강서구,부산 강서구 낙동남로 1042,명지주유소,1678.0,1558.0
강서구,부산 강서구 명지국제2로28번길 36,(주)서호주유소,1678.0,1518.0
강서구,부산 강서구 가락대로210번길 102,만선주유소,1698.0,1558.0
강서구,부산 강서구 가락대로 649,비케이원(주) 미래드림주유소,1709.0,1559.0
강서구,부산 강서구 거가대로 2571,대양산업(주)대양가덕주유소,1788.0,1638.0
강서구,부산 강서구 르노삼성대로 372,광신석유(주)직영 명지주유소,1899.0,1897.0
사하구,부산 사하구 장평로 177 (장림동),서부산농협주유소,1559.0,1389.0
사하구,부산 사하구 장평로 152 (장림동),새마당주유소 (주)지오에너지,1569.0,1389.0
사하구,부산 사하구 다대로 292 (장림동),장림대흥주유소,1569.0,1389.0
사하구,부산 사하구 다대로 575 (다대동),전진알뜰주유소,1574.0,1434.0
사하구,부산 사하구 을숙도대로 564,부영석유 도매주유소,1574.0,1434.0
사하구,부산 사하구 감천로 79 (감천동),에스씨(주) 감천주유소,1574.0,1434.0
사하구,부산 사하구 을숙도대로 583,사하주유소,1574.0,1434.0
사하구,부산 사하구 을숙도대로 530 (신평동),광신홀딩스㈜ 직영 을숙도대로주유소,1574.0,1434.0
사하구,부산 사하구 감천항로 445 (구평동),동원주유소(주),1574.0,1465.0
사하구,부산 사하구 다대로 581 (다대동),토성셀프주유소,1574.0,1434.0
사하구,부산 사하구 사하로 150,회화에너지,1574.0,1434.0
사하구,부산광역시 사하구  사하로 129,대양석유(주) SK괴정주유소,1574.0,1434.0
사하구,부산 사하구 하신중앙로 165,극동유화(주) 부산주유소,1595.0,1475.0
사하구,부산 사하구 하신중앙로 240,남성주유소,1597.0,1497.0
사하구,부산 사하구 낙동대로 339,(주)천일에너지 대진주유소,1597.0,1477.0
사하구,부산 사하구 다대로 280 (장림동),㈜대로주유소 오일,1599.0,1379.0
사하구,부산 사하구 낙동대로 312 (괴정동),조은셀프주유소,1618.0,1498.0
사하구,부산 사하구 하신중앙로 166 (신평동),신평주유소,1637.0,1517.0
사하구,부산 사하구 을숙도대로 821,대창제1주유소,1639.0,1479.0
사하구,부산 사하구 을숙도대로 712,다대로주유소,1648.0,1508.0
사하구,부산 사하구 감천항로 20,인도에너지(주),1658.0,1498.0
사하구,부산 사하구 장림로 287 (장림동),장림주유소,1678.0,1478.0
사하구,부산 사하구 하신중앙로 55 (신평동),대호주유소,1685.0,1528.0
사하구,부산 사하구 장림번영로 7 (장림동),SK에너지(주)국영,1699.0,1589.0
사하구,부산 사하구 을숙도대로 728,선경주유소,,1419.0
사하구,부산 사하구 감천항로 225,비에스에너지㈜메가오션주유소,,
서구,부산 서구 충무대로 240,피치스주유소 빙고점,1528.0,1388.0
서구,부산 서구 충무대로 126,충무대로 셀프주유소 와이케이에너지㈜,1528.0,1388.0
서구,부산 서구 충무대로 108 (암남동),남항대교주유소,1528.0,1388.0
서구,부산 서구 보수대로 220 (동대신제3동),(주)디시에너지 운동장,1578.0,1438.0
서구,부산 서구 대영로 91,(주)디시에너지 대신지점,1588.0,1468.0
서구,부산 서구 대영로 88,고려주유소 대신점,1589.0,1469.0
서구,부산 서구 충무대로 150 (남부민동),남부주유소 (송도아랫길),1599.0,1449.0
서구,부산 서구 구덕로 273 (서대신동1가),(주)부영에너지직영신일주유소,1698.0,1589.0
서구,부산 서구 원양로 260,㈜한국페트로 스타2주유소,1868.0,1434.0
서구,부산 서구 감천로 227,피치스주유소 송도점,1888.0,1408.0
수영구,부산 수영구 광남로 241 (민락동),마린타이거주유소,1563.0,1433.0
수영구,부산 수영구 광남로 83,(주)경인에너지 광안리주유소,1563.0,1433.0
수영구,부산 수영구 광남로 176,(주)세왕에너지 세진주유소,1563.0,1433.0
수영구,부산 수영구 과정로 23,신영주유소,1574.0,1434.0
수영구,부산 수영구 민락본동로 30,센텀타이거주유소,1578.0,1458.0
수영구,부산 수영구 수영로 731,대양산업(주)대영주유소,1583.0,1494.0
수영구,부산 수영구 연수로 250,지에스칼텍스㈜ 인성셀프주유소,1624.0,1494.0
수영구,부산 수영구  연수로 254 (망미동),땡큐망미주유소,1624.0,1494.0
수영구,부산 수영구 수영로 491 (남천동),금련산주유소,1675.0,1555.0
수영구,부산 수영구 수영로 558,지에스칼텍스(주)부산주유소,1685.0,1539.0
수영구,부산 수영구 연수로 239,지에스칼텍스(주) 언덕주유소,1689.0,1569.0
수영구,부산 수영구 연수로 411,SK에너지(주)강일주유소,1798.0,1698.0
수영구,부산 수영구 좌수영로 147 (망미동),(주)청유주유소,1798.0,1648.0
수영구,"부산 수영구 과정로 4,  (망미동)",금호주유소,1799.0,1649.0
연제구,부산 연제구 반송로 68,하얀100연산주유소,1549.0,1399.0
연제구,부산 연제구  거제대로 130 (거제동),아시아드주유소,1559.0,1419.0
연제구,부산 연제구 고분로 51 (연산동),(주)좋은기름나라연산주유소지점,1565.0,1425.0
연제구,부산 연제구 중앙대로 1179,현대오일뱅크㈜직영 연산셀프주유소,1568.0,1429.0
연제구,부산 연제구 연안로 20,연안로주유소,1574.0,1434.0
연제구,부산 연제구 월드컵대로 249 (거제동),성학주유소,1588.0,1454.0
연제구,부산 연제구 과정로 325,자이주유소,1599.0,1459.0
연제구,부산 연제구 거제대로 98,광동페트로㈜ 감사드림주유소,1624.0,1494.0
연제구,부산 연제구 과정로 208,광신홀딩스㈜ 직영 토곡주유소,1624.0,1494.0
연제구,부산 연제구 과정로 134 (연산동),금천셀프주유소,1645.0,1545.0
연제구,부산 연제구 아시아드대로 107 (거제동),현대오일뱅크(주)직영 부산현대주유소,1669.0,1535.0
연제구,부산 연제구 온천천남로 86 (연산동),영웅주유소,1699.0,1549.0
연제구,부산 연제구 연수로 87,연제주유소,1719.0,1579.0
연제구,부산 연제구 과정로 120 (연산동),SK에너지(주)부흥셀프주유소,1798.0,1598.0
영도구,부산 영도구 해양로 270,해양특구주유소,1692.0,1572.0
영도구,부산 영도구 해양로 212,동현주유소,1692.0,1572.0
영도구,부산 영도구 태종로 806-1,태종대온천주유소,1697.0,1577.0
영도구,부산 영도구 태종로 376 (청학동),태종에너지청학주유소,1698.0,1578.0
영도구,부산 영도구 해양로 128 (청학동),세기상사㈜ 대성주유소,1698.0,1578.0
영도구,부산 영도구 태종로 290 (청학동),SK에너지(주)직영 태종로주유소,1698.0,1578.0
영도구,부산 영도구 남항서로 96(남항동2가),남항주유소,1833.0,1723.0
영도구,부산 영도구 태종로 181 (봉래동4가),(주)나부코직영 우원주유소,1848.0,1738.0
중구,부산 중구 대청로 153 (중앙동5가),고려주유소,1695.0,1565.0
해운대구,부산 해운대구 해운대로 1249 (송정동),삼양주유소,1519.0,1374.0
해운대구,부산 해운대구 해운대로 1184,㈜영원석유 하늘주유소,1519.0,1394.0
해운대구,부산 해운대구 해운대로 1178,㈜영원석유 영원주유소,1519.0,1374.0
해운대구,부산 해운대구 해운대로 1226 (송정동),오시리아주유소,1519.0,1374.0
해운대구,부산 해운대구 해운대로 1217,송정역주유소,1519.0,1374.0
해운대구,부산 해운대구 해운대로 1238 (송정동),한양 브라보주유소,1535.0,1395.0
해운대구,부산 해운대구 해운대로 551 (우동),(주)조은하루주유소,1554.0,1414.0
해운대구,부산 해운대구 해운대로 592 (우동),동방석유㈜ 직영 해변주유소,1554.0,1414.0
해운대구,부산 해운대구 해운대로 211 (재송동),대양산업(주)동화주유소,1554.0,1414.0
해운대구,부산 해운대구 반송로 875 (반송동),동부산셀프주유소,1562.0,1412.0
해운대구,부산 해운대구 반송로 780,반송제일주유소,1562.0,1412.0
해운대구,부산 해운대구 해운대로 285 (우동),구도일주유소 센텀시티,1569.0,1436.0
해운대구,부산 해운대구 반송로 782,양천석유(주)덕진셀프주유소반송점,1574.0,1438.0
해운대구,부산 해운대구 해운대로 615 (우동),지에스칼텍스(주)해운주유소,1574.0,1509.0
해운대구,부산 해운대구 수영강변대로 568,광신석유(주)직영 수영강변대로주유소,1584.0,1459.0
해운대구,부산 해운대구 수영강변대로 590,지에스칼텍스(주)광안대로주유소,1584.0,1459.0
해운대구,부산 해운대구 반여로 153 (반여동),신촌셀프주유소,1584.0,1459.0
해운대구,부산광역시 해운대구  수영강변대로 504 (반여동),sc(주)센텀주유소,1584.0,1459.0
해운대구,부산 해운대구 좌동순환로 419 (중동),(주)이엠석유 대흥주유소,1594.0,1474.0
해운대구,부산 해운대구 재반로 163 (재송동),동해주유소,1594.0,1469.0
해운대구,부산 해운대구 해운대로 179 (재송동),HD현대오일뱅크㈜직영 센텀셀프주유소,1594.0,1569.0
해운대구,부산 해운대구 달맞이길 57 (중동),(주)대양씨앤씨 달맞이주유소,1594.0,1474.0
해운대구,부산 해운대구 해운대로573번길 16,SK에너지(주) 돌고래주유소,1598.0,1438.0
해운대구,부산 해운대구 대천로 82 (좌동),SK에너지(주)신도시주유소,1598.0,1488.0
해운대구,부산 해운대구 해운대로 345 (우동),SK에너지(주) 마리나주유소,1598.0,1438.0
해운대구,부산 해운대구 해운대로 1075,SK에너지㈜직영 송정셀프주유소,1598.0,1498.0
해운대구,부산 해운대구 좌동순환로 375,해운대주유소,1633.0,1513.0
해운대구,부산 해운대구 양운로 107 (좌동),HD현대오일뱅크㈜직영 장산IC주유소,1649.0,1539.0
해운대구,부산 해운대구 수영강변대로 276,SK에너지(주)직영 해운대센텀주유소,1649.0,1549.0
해운대구,부산 해운대구 해운대해변로 44 (우동),에스씨(주) 마리나타운주유소,1698.0,1598.0
해운대구,부산 해운대구 반송로 781 (석대동),동양가스(주) 명품주유소반송점,1709.0,1579.0
금정구,부산 금정구 반송로 420 (금사동),한길주유소 금사점 한솔유화㈜,1549.0,1419.0
금정구,부산 금정구 두실로 2,훼미리알뜰주유소,1575.0,1437.0
금정구,부산 금정구 중앙대로 2130,청룡명품주유소,1575.0,1437.0
금정구,부산 금정구 중앙대로 2191 (노포동),은마석유 노포주유소,1575.0,1437.0
금정구,부산광역시 금정구  부곡로 67 (부곡동),금두꺼비주유소,1587.0,1457.0
금정구,부산 금정구 중앙대로 1972,금강주유소,1589.0,1455.0
금정구,부산 금정구 중앙대로 1646,한길주유소 부산점 한솔유화㈜,1597.0,1467.0
금정구,부산 금정구 금강로 721,신화주유소,1618.0,1488.0
금정구,"부산 금정구 금정로 216,  (구서동)",동진주유소,1619.0,1479.0
금정구,부산 금정구 반송로 364 (서동),에이원주유소,1625.0,1395.0
금정구,부산 금정구 중앙대로 1597,비케이원㈜ 대박드림주유소,1629.0,1499.0
금정구,부산 금정구 금샘로 399 (구서동),금정산주유소,1637.0,1497.0
금정구,부산 금정구 금샘로 21 (장전동),식물원주유소,1685.0,1565.0
금정구,부산 금정구  반송로 391 (서동),동양주유소,1687.0,1567.0
금정구,부산 금정구 반송로 463 (금사동),새석대주유소,1697.0,1577.0
금정구,부산 금정구 중앙대로 2044 (남산동),남산주유소,1698.0,1568.0
금정구,부산 금정구 중앙대로 1782 (부곡동),지에스칼텍스(주)영풍주유소,1709.0,1579.0
기장군,부산 기장군 기장읍 기장대로 343,기장대로 셀프주유소 와이케이에너지㈜,1519.0,1374.0
기장군,부산광역시 기장군 일광면 기장대로 996,신아시아드주유소/충전소 은마석유㈜,1519.0,1374.0
기장군,부산 기장군 기장읍 기장대로 84,내리주유소,1529.0,1395.0
기장군,부산 기장군 일광면 기장대로 1230,월드컵주유소,1539.0,1394.0
기장군,부산 기장군 일광면 기장대로 1195,세방주유소,1549.0,1415.0
기장군,부산 기장군 일광면 기장대로 677,삼성셀프주유소,1565.0,1435.0
기장군,부산 기장군 장안읍 기장대로 1453,선암주유소,1565.0,1455.0
기장군,부산 기장군 기장읍 차성로 241,(주)동광주유소,1565.0,1414.0
기장군,부산 기장군 정관면 정관로 835,공단신도시주유소,1565.0,1465.0
기장군,부산 기장군 일광면 기장대로 710,용문주유소,1565.0,1435.0
기장군,부산 기장군 기장읍 반송로 1517,하영주유소,1565.0,1435.0
기장군,부산 기장군 일광면 기장대로 670,기장IC주유소,1565.0,1435.0
기장군,부산 기장군 기장읍 반송로 1407,부경셀프주유소,1565.0,1415.0
기장군,부산 기장군 일광면 기장대로 1291,국제주유소,1569.0,1449.0
기장군,부산 기장군 기장읍 반송로 1653,삼거리주유소,1569.0,1439.0
기장군,부산 기장군 정관면 정관로 249,대영주유소,1578.0,1454.0
기장군,부산 기장군 정관면 정관로 787,기분조은주유소,1580.0,1465.0
기장군,부산 기장군 장안읍 정관로 1148,㈜첼시주유소,1580.0,1465.0
기장군,부산 기장군 정관면 정관로 901,정관신도시주유소/충전소,1580.0,1465.0
기장군,부산 기장군 정관면 정관로 779,백운1주유소,1580.0,1478.0
기장군,부산 기장군 신정관로 183,(주)천일에너지 천일주유소,1580.0,1465.0
기장군,부산 기장군 장안읍 정관로 1115,달음산주유소,1580.0,1465.0
기장군,부산 기장군 장안읍 좌동길 47,의학원self주유소,1580.0,1465.0
기장군,부산 기장군 일광면 기장대로 1037,동부산농협클린주유소,1584.0,1434.0
기장군,부산 기장군 장안읍 좌동길 45,뉴장안IC주유소,1585.0,1465.0
기장군,부산 기장군 일광면 일광로 722,오성주유소,1593.0,1453.0
기장군,부산 기장군 장안읍 기장대로 1586,장안IC(상)주유소,1598.0,1488.0
기장군,부산 기장군 철마면 반송로 1300,안평주유소,1598.0,1478.0
기장군,부산 기장군 철마면 반송로 983,(주)동남주유소,1598.0,1478.0
기장군,부산 기장군 기장읍 대변로 13,태양주유소,1617.0,1497.0
기장군,부산 기장군 장안읍 기장대로 1751,(주)푸른숲self주유소,1618.0,1478.0
기장군,부산 기장군 정관면 신정관로 188,창암주유소,1625.0,1445.0
기장군,부산 기장군 장안읍 기장대로 1673,(주)더힘찬주유소,1627.0,1487.0
기장군,부산 기장군 장안읍 기장대로 1615,장안IC(하)주유소,1628.0,1488.0
기장군,부산 기장군 장안읍 기장대로 2217,명례주유소,1628.0,1478.0
기장군,부산 기장군 장안읍 하근3길 8,솔밭주유소,1635.0,1495.0
기장군,부산 기장군 장안읍 동해고속도로 25,KH에너지㈜직영 장안주유소(부산방향),1638.0,1508.0
기장군,부산 기장군 장안읍 동해고속도로 26,KH에너지㈜직영 장안주유소(울산방향),1638.0,1508.0
기장군,부산 기장군 정관면 정관로 833,공단주유소,1648.0,1528.0
기장군,부산 기장군 기장읍 기장대로 530,동양주유소/기장충전소,1659.0,1499.0
기장군,부산 기장군 기장읍 반송로 1559,월드주유소,1664.0,1524.0
기장군,부산 기장군 기장읍 기장해안로 426,기장수협주유소,1799.0,1649.0
기장군,부산 기장군 정관면 정관덕산길 21,(주)SK정관주유소,1799.0,1599.0
기장군,부산 기장군 정관면 신정관로 188,창암2주유소,,1445.0
남구,부산 남구 신선로 261,내트럭(주)부산용당,1563.0,1499.0
남구,부산 남구 황령대로 401-2 (대연동),대일주유소,1563.0,1433.0
남구,부산 남구 황령대로 343,사랑드림주유소,1563.0,1433.0
남구,부산 남구 신선로 168,내트럭(주)부산사업소,1563.0,1499.0
남구,부산 남구 신선로 448,(주)경인석유,1568.0,1439.0
남구,부산 남구 우암로 204,우암주유소,1573.0,1443.0
남구,부산 남구 신선로 351 (용당동),은마석유주식회사,1573.0,1443.0
남구,부산 남구 황령대로 346 (대연동),금강석유(주) 영웅주유소,1573.0,1443.0
남구,부산 남구 신선로 392,은마석유㈜ 용당CY주유소,1573.0,1443.0
남구,부산 남구  신선로 316 (용당동),북항대교주유소,1573.0,1443.0
남구,부산 남구 우암로 232,우암로셀프주유소,1573.0,1443.0
남구,부산 남구 신선로 387 (용당동),(주)세일 부산항주유소,1573.0,1443.0
남구,부산 남구 유엔로 155,(주)문화주유소,1579.0,1449.0
남구,부산 남구 수영로 22 (문현동),매일주유소,1588.0,1458.0
남구,부산 남구 유엔로 42,성지셀프주유소,1594.0,1457.0
남구,부산 남구 용호로 116,분포셀프주유소,1595.0,1465.0
남구,부산 남구 신선로 442 (용당동),반도주유소,1597.0,1457.0
남구,부산 남구 우암로 374 (문현동),문현주유소,1598.0,1488.0
남구,부산 남구 유엔로 202,지에스칼텍스㈜ 유엔주유소,1599.0,1469.0
남구,부산 남구 용호로 60 (용호동),지에스칼텍스㈜ 비치주유소,1599.0,1469.0
남구,부산 남구 신선로 252,한길주유소 용당점 한솔유화㈜,1609.0,1459.0
남구,부산 남구 우암로 92 (감만동),삼화주유소,1615.0,1475.0
남구,부산 남구 용호로 172 (용호동),구도일주유소용호,1619.0,1489.0
남구,부산 남구 황령대로98번길 75 (문현동),금융단지주유소,1628.0,1498.0
남구,부산 남구 남구 전포대로 7,동명주유소,1628.0,1498.0
남구,부산광역시 남구 문현로 67 (문현동),대성주유소,1719.0,1599.0
남구,부산 남구 신선로 173 (감만동),인터지스(주)인터지스주유소,1739.0,1599.0
남구,부산 남구 북항로 108,굿오일주유소,,1465.0
동구,부산 동구 충장대로 281 (좌천동),부산벙커앤오일 청구주유소,1580.0,1445.0
동구,부산 동구 충장대로 305 (좌천동),CJ대한통운㈜ 부산주유소,1580.0,1445.0
동구,부산 동구 성남로 74 (범일동),(주)대양씨앤씨직영주유소,1583.0,1445.0
동구,부산 동구 중앙대로 414 (좌천동),구도일주유소 부산진,1585.0,1455.0
동구,부산 동구  중앙대로 302 (초량동),동방석유(주)초량주유소,1585.0,1455.0
동구,부산 동구 성남로 42 (좌천동),대양대박주유소,1603.0,1475.0
동구,부산광역시 동구  자성로 127 (범일2동),동방석유(주)형제주유소,1618.0,1498.0
동구,부산 동구 중앙대로 168 (초량동),㈜삼현석유 천일주유소,1998.0,1698.0
동래구,부산 동래구 충렬대로 95,광신석유(주)직영 충렬대로주유소,1489.0,1349.0
동래구,부산 동래구 충렬대로 121 (온천동),동방석유(주)푸른주유소,1499.0,1344.0
동래구,부산 동래구 충렬대로 124,대일주유소,1499.0,1349.0
동래구,부산 동래구 반송로 245,㈜OS에너지 동호주유소,1499.0,1349.0
동래구,부산 동래구 반송로 303 (명장동),명장주유소,1499.0,1349.0
동래구,부산 동래구 충렬대로 51 (온천동),(주)삼보명진주유소,1549.0,1399.0
동래구,부산 동래구 우장춘로 56,한창주유소,1569.0,1439.0
동래구,부산 동래구 여고로 131 (사직동),한길주유소 교대점 한솔유화㈜,1588.0,1454.0
동래구,부산 동래구 충렬대로 460  (안락동),(주)대원에너지 대원주유소,1593.0,1433.0
동래구,부산 동래구 반송로 185 (안락동),대경주유소,1597.0,1457.0
동래구,부산 동래구 명륜로 2,온천주유소,1598.0,1468.0
동래구,부산 동래구 충렬대로 330 (안락동),안락교차로주유소,1638.0,1498.0
동래구,부산 동래구  충렬대로 400 (안락동),보강주유소,1638.0,1488.0
동래구,부산 동래구  충렬대로 300 (낙민동),한양주유소,1646.0,1496.0
동래구,부산 동래구 충렬대로 463,충렬주유소,1668.0,1518.0
동래구,부산 동래구 미남로 38,대원주유소,1668.0,1518.0
부산진구,부산 부산진구 가야대로 402,(주)태화주유소,1559.0,1419.0
부산진구,부산 부산진구 새싹로 61-1 (부암동),대양주유소,1563.0,1423.0
부산진구,부산 부산진구 백양대로 242,진성주유소,1569.0,1429.0
부산진구,부산 부산진구 백양대로 231,(주)주공에너지,1569.0,1429.0
부산진구,부산 부산진구 황령대로 66 (전포동),동방석유(주)황령산주유소,1573.0,1443.0
부산진구,부산 부산진구 동평로 49,스마일주유소,1578.0,1438.0
부산진구,부산 부산진구 거제대로 84 (양정동),남부산고속주유소,1579.0,1434.0
부산진구,부산 부산진구 가야대로552번길 39,가야주유소,1579.0,1439.0
부산진구,부산 부산진구 신천대로 132,영우에너지 부전주유소,1583.0,1463.0
부산진구,부산광역시 부산진구  전포대로 178 (전포제3동),지에스칼텍스㈜케이제이주유소,1589.0,1549.0
부산진구,부산 부산진구 동천로 10 (전포동),동방석유(주)sk전포주유소,1598.0,1498.0
부산진구,부산 부산진구 동평로 398,(주)우양네트웍스 하마정주유소,1599.0,1459.0
부산진구,부산 부산진구 동평로 361 (양정동),광신석유(주)직영 양정주유소,1624.0,1494.0
부산진구,부산 부산진구 동평로 239 (연지동),SK에너지(주) 연지오토self,1624.0,1494.0
부산진구,부산 부산진구  백양대로 234 (개금동),백양주유소,1659.0,1498.0
부산진구,부산 부산진구 백양대로 78 (당감동),명품주유소 당감점,1689.0,1559.0
부산진구,부산 부산진구 새싹로 230,럭키주유소,1698.0,1598.0
부산진구,부산 부산진구 백양순환로110번길 19 (부암동),한일주유소,1699.0,1599.0
부산진구,부산 부산진구 동평로 289 (연지동),지에스칼텍스㈜ 성지주유소,1699.0,1569.0
부산진구,부산 부산진구 동평로 21,대흥주유소,1728.0,1598.0
부산진구,부산 부산진구 가야대로 523 (가야동),대명주유소,1838.0,1718.0
북구,부산 북구 만덕대로 343 (만덕동),(주)삼보부림SELF주유소,1549.0,1399.0
북구,부산 북구 만덕대로 331 (만덕동),삼보주유소/충전소,1549.0,1399.0
북구,부산 북구 백양대로 995 (구포동),광신석유(주)직영 백양대로주유소,1559.0,1419.0
북구,부산 북구 시랑로 58 (구포동),경덕주유소,1565.0,1439.0
북구,부산 북구 금곡대로 712 (금곡동),금곡대로주유소,1569.0,1399.0
북구,부산 북구 금곡대로 604 (금곡동),(주)세일 금곡주유소,1579.0,1419.0
북구,부산 북구 금곡대로 37,북부산셀프주유소,1579.0,1439.0
북구,부산 북구 금곡대로 203,화명신도시주유소,1579.0,1439.0
북구,부산 북구 사상로 619 (구포동),지에스칼텍스(주)구포셀프주유소,1589.0,1464.0
북구,부산 북구 만덕대로 170,만복드림주유소,1599.0,1499.0
북구,부산 북구 낙동대로 1642,성도주유소,1616.0,1488.0
북구,부산 북구 금곡대로 362,SK에너지(주)두꺼비,1649.0,1519.0
북구,부산 북구 의성로53번길 5,SK에너지㈜직영 삼진셀프주유소,1649.0,1519.0
북구,부산 북구 금곡대로 692,무지개주유소,1669.0,1419.0
북구,부산 북구 금곡대로 113 (덕천동),동양가스산업(주)명품주유소,1689.0,1559.0
북구,부산 북구 덕천로 275 (만덕동),SK에너지(주)신광셀프주유소,1769.0,1599.0
사상구,부산 사상구 낙동대로 1274 (삼락동),(주)가온에너지 더힘대로주유소,1548.0,1398.0
사상구,부산 사상구 낙동대로 753 (엄궁동),에스알디㈜더리치주유소,1559.0,1419.0
사상구,부산 사상구 가야대로 377,스마트주유소,1559.0,1419.0
사상구,부산 사상구 가야대로 329,용마주유소,1559.0,1419.0
사상구,부산 사상구 백양대로 701 (덕포동),우리주유소 (주)시블링스,1559.0,1419.0
사상구,부산 사상구 가야대로 395,광신석유(주)직영 가야대로주유소,1559.0,1419.0
사상구,부산 사상구 학감대로 178,세원주유소,1564.0,1424.0
사상구,부산 사상구 새벽로 154,(주)좋은기름나라새사상셀프주유소지점,1564.0,1424.0
사상구,부산 사상구 학감대로 70,㈜덕양에너지직영 굿모닝주유소,1564.0,1424.0
사상구,부산 사상구 가야대로 63,(주)젤코바,1564.0,1424.0
사상구,부산 사상구 낙동대로 681,엄궁주유소,1564.0,1424.0
사상구,부산 사상구 낙동대로 730 (엄궁동),가락타운주유소,1564.0,1424.0
사상구,부산 사상구 백양대로 480,성림주유소,1564.0,1424.0
사상구,부산 사상구 백양대로 477 (주례동),(주)지엠지 우경주유소,1564.0,1434.0
사상구,부산 사상구 학감대로 98 (학장동),(주)덕양에너지 직영 구덕산주유소,1564.0,1424.0
사상구,부산 사상구 가야대로 10 (감전동),부영석유(주)도매주유소,1564.0,1424.0
사상구,부산 사상구 학감대로 30 (학장동),에스씨(주) 새문주유소,1564.0,1424.0
사상구,부산 사상구 학감대로 170,서부산IC주유소,1564.0,1424.0
사상구,부산 사상구 낙동대로 669 (엄궁동),(주)호림에너지 호림주유소,1564.0,1424.0
사상구,부산 사상구 백양대로 349 (주례동),원주유소,1564.0,1424.0
사상구,부산 사상구 학감대로 220 (감전동),㈜제이와이비젼 명성주유소,1565.0,1425.0
사상구,부산 사상구 가야대로 150 (학장동),구룡주유소,1568.0,1428.0
사상구,부산 사상구 사상로 105,엔씨네트웍스(주)직영주유소,1568.0,1429.0
사상구,부산 사상구 강변대로 412 (엄궁동),지에스칼텍스(주)강변주유소,1574.0,1434.0
사상구,부산 사상구 강변대로 458 (엄궁동),지에스칼텍스(주)자이언트주유소,1574.0,1434.0
사상구,부산 사상구 낙동대로 994 (감전동),(주)부영에너지,1578.0,1438.0
사상구,부산 사상구 낙동대로 1520 (삼락동),흥일주유소 주식회사,1598.0,1488.0
사상구,부산 사상구 학장로 107,한라주유소,1627.0,1487.0
사상구,부산 사상구 새벽로 1 (학장동),아산주유소,1627.0,1487.0
사상구,부산 사상구 낙동대로 1316,중앙주유소,1628.0,1498.0
사상구,부산 사상구 백양대로 386 (주례동),경동주유소,1634.0,1474.0
사상구,부산 사상구 낙동대로 879 (감전동),산업주유소,1638.0,1518.0
사상구,부산 사상구 모덕로 69 (모라동),성경주유소,1638.0,1538.0
사상구,부산 사상구 새벽로 2,대흥오일뱅크주유소,1638.0,1518.0
사상구,부산 사상구 농산물시장로25번길 94,농산물주유소,1678.0,1558.0
사상구,부산 사상구 낙동대로 920 (감전동),새동창주유소,1678.0,1538.0
사상구,부산 사상구 낙동대로 978 (감전동),HD현대오일뱅크㈜직영 감전주유소,1679.0,1518.0
사상구,부산 사상구 낙동대로 1320,대림주유소,1679.0,1549.0
사상구,부산 사상구 낙동대로 935,광신홀딩스㈜ 직영 낙동대로주유소,1689.0,1544.0
사상구,부산 사상구 학감대로 73 (학장동),행복한셀프주유소,1689.0,1549.0
사상구,부산 사상구 낙동대로 1380,지에스칼텍스(주)서부주유소,1739.0,1599.0
사상구,부산 사상구 새벽로 207 (괘법동),아시아사상주유소,1797.0,1687.0
